word,count
City,652
Melbourne,635
Food,535
Friendly,473
Coffee,394
Best,383
Delicious,362
Dessert,355
Restaurant,348
Fresh,319
Good,271
Tea,225
Great,196
Chicken,135
Like,128
Experience,125
Nice,125
Perfect,114
Sweet,113
Drinks,112
Bar,107
Even,105
Ordered,102
Spot,100
Taste,97
Quality,92
Highly,91
Atmosphere,89
Tried,89
Rice,84
Dishes,83
Amazing,83
Meal,82
Love,81
Cafe,81
Matcha,79
Milk,77
Serving,75
Order,75
Flavour,74
Absolutely,73
Lunch,72
Plus,72
Than,71
Everything,71
Little,70
Has,70
Options,68
Warm,67
Full,67
Small,66
Served,66
Overall,65
Tasty,65
Hot,64
Super,64
Drink,62
Both,62
Worth,61
About,61
Better,58
Lovely,57
Didn,57
Could,57
Space,57
Them,56
Again,56
Long,56
Next,55
Came,55
Visit,54
Pork,54
Inside,53
Crispy,53
Especially,52
Quick,52
Fried,51
Sauce,51
Shop,50
Don,50
Though,50
Seating,50
Cooked,50
Modern,50
Cocktails,49
Store,49
Rich,49
While,49
Went,49
Quite,49
Soft,49
Big,48
Light,48
Wait,47
Wine,47
Flavours,47
High,47
Busy,47
Such,46
Perfectly,46
Dining,46
Portion,45
Authentic,45
Enjoy,45
Flavor,45
Vibe,45
Breakfast,45
Way,45
Cream,45
Looking,44
Offering,44
Friends,44
Dish,44
Dinner,44
Wasn,43
Something,43
Japanese,43
Eat,43
Beef,42
Right,42
Different,42
Salad,42
Many,42
Find,42
Few,41
Cbd,41
Soup,41
Feel,41
Chain,41
Variety,41
Must,41
Prices,40
Generous,40
Black,40
Making,40
Most,39
Classic,39
New,39
Thai,39
Top,39
She,39
Cozy,39
Street,38
Style,38
People,38
Cheese,38
Kind,38
Creamy,38
Bread,37
Felt,37
Recommended,37
Over,37
Casual,37
Welcoming,36
Desserts,36
Korean,36
Truly,36
Want,36
Meat,35
Coming,35
Enjoyed,35
Any,35
Down,35
Customer,35
Dumplings,35
Spicy,35
Decent,35
Work,34
Bowl,34
Beautifully,34
Meals,34
Nothing,34
Bubble,34
Fast,33
Times,33
Attentive,33
Mango,33
Chips,33
Tables,33
Excellent,33
Asked,33
Chic,33
Loved,32
Side,32
Each,32
Favourite,32
Refreshing,32
Latte,32
Chocolate,32
Open,32
Unique,31
Take,31
Tender,31
Selection,31
During,31
Ingredients,31
Strawberry,30
Seafood,30
Helpful,30
Friend,30
Clean,30
Ice,30
Tasted,30
Thank,29
Trying,29
Pizza,29
Outside,29
Did,29
Balanced,29
Anyone,29
See,29
Beer,29
Decor,29
Traditional,29
Egg,29
Without,29
Asian,29
Takeaway,28
Into,28
Pearls,28
Tastes,28
Simple,28
Burgers,28
Italian,28
Away,28
Visited,28
Enough,28
Size,27
Bad,27
Special,27
Pretty,27
Customers,27
Easy,27
Texture,27
Happy,27
Roll,27
Value,26
Salmon,26
Cute,26
Now,26
Cake,26
Serve,26
Cuisine,26
Green,26
Cold,26
Walls,26
Plates,26
Hard,26
Today,26
Fantastic,26
Flavors,26
Free,26
Think,26
Juicy,26
Her,26
Counter,26
Home,26
Buffet,25
Incredibly,25
Left,25
Lemon,25
Filling,25
Satisfying,25
White,25
Sushi,25
Give,25
Gave,25
Family,25
Room,25
Took,25
Less,25
Said,25
Sure,24
Short,24
These,24
Smooth,24
Sugar,24
Bite,24
Range,24
Items,24
Kitchen,24
Reasonable,24
Cup,24
Coconut,23
Steak,23
Croissant,23
Chinese,23
Table,23
Morning,23
Disappointed,23
Usually,23
Extra,23
Beautiful,23
Amount,23
Off,23
Cakes,22
His,22
Red,22
Relaxed,22
Makes,22
Sandwich,22
Affordable,22
Slightly,22
Teas,22
Highlight,22
Might,22
Venue,22
Places,22
Craving,22
Plenty,21
Signature,21
Those,21
Huge,21
Available,21
Found,21
Noodles,21
Care,21
Local,21
Another,21
However,21
Minutes,21
Toppings,21
Team,21
Large,21
Setting,21
Yummy,20
Standard,20
Popular,20
Choice,20
Featuring,20
Itself,20
Feels,20
Know,20
Real,20
Sandwiches,20
Hours,20
Being,20
Done,20
Say,20
Pleasant,20
Presented,20
Market,20
Everyone,19
Late,19
Fruit,19
Burger,19
Gem,19
Extremely,19
Unfortunately,19
Decided,19
Spacious,19
Duck,19
Level,19
Tell,19
Wonderful,19
Pastries,19
Including,19
Incredible,19
Hidden,19
Offer,19
Pan,19
Bbq,19
Packed,19
Fun,19
Pho,19
Portions,19
Live,19
Pub,18
Fish,18
Location,18
Own,18
Three,18
Sweetness,18
Grilled,18
Money,18
Looks,18
Seats,18
Set,18
Couple,18
Flavorful,18
Bingsu,18
Quickly,18
Vietnamese,18
Almost,17
Outstanding,17
Salty,17
Offered,17
Yet,17
Choose,17
Honestly,17
Bento,17
Favorite,17
Known,17
Actually,17
Far,17
Instead,17
Onigiri,17
Chewy,17
Share,17
Basic,17
Combo,17
Trendy,17
List,17
Hotel,17
Art,17
Standout,17
Same,17
Option,17
Professional,17
Baked,16
Put,16
Doesn,16
Lamb,16
Although,16
Absolute,16
Won,16
Visiting,16
Snacks,16
Limited,16
Early,16
Either,16
Looked,16
Line,16
Through,16
Wide,16
Interior,16
Comforting,16
Freshly,16
Music,16
Rustic,16
Brunch,16
Disappointing,16
Hearty,16
Low,16
Thanks,16
Years,16
Stylish,16
Rolls,16
Compared,16
Thing,16
Fluffy,15
Expect,15
Days,15
Member,15
Polite,15
Person,15
Interesting,15
Industrial,15
Often,15
Presentation,15
Keep,15
Offers,15
Old,15
House,15
Bustling,15
Delightful,15
Owner,15
Prawn,15
Garlic,15
Together,15
Cosy,15
Healthy,15
Photos,15
Wow,15
Yogurt,15
Caf,15
Comfort,15
Butter,15
Able,14
Need,14
Let,14
Beans,14
Added,14
Balance,14
Couldn,14
Vegan,14
Outdoor,14
Recently,14
Detail,14
Review,14
Show,14
Weekend,14
Fine,14
Mouth,14
Strong,14
Start,14
Regular,14
Sit,14
Already,14
Collins,14
Pick,14
Stop,14
Cool,14
Jelly,14
Smile,14
Mexican,14
Pot,14
Iced,14
Steamed,14
Skewers,14
Bites,14
Salads,14
Banh,14
Curry,14
Birthday,14
Crunchy,14
Delivers,14
Hip,14
Brick,14
Creative,14
Contemporary,14
Finish,14
Wines,14
Australian,13
Spring,13
Things,13
Mins,13
Since,13
Working,13
Spice,13
Seasonal,13
Comes,13
Star,13
Noodle,13
Mix,13
Rare,13
Priced,13
Cheap,13
Bakery,13
Isn,13
Whole,13
Use,13
Soon,13
Famous,13
Filled,13
Mains,13
Indian,13
Probably,13
Half,13
Sticky,13
Exceptional,13
Craft,13
Whether,13
Eclectic,13
Lots,13
Finally,13
Used,13
Afternoon,13
Tart,13
Wood,13
Grab,13
Inviting,13
Moment,13
Recommendations,13
Point,13
Onion,13
Having,13
Pastry,12
Wanted,12
Completely,12
Carefully,12
Memorable,12
Eggs,12
Syrup,12
Average,12
Pasta,12
Pepper,12
Lane,12
Flavourful,12
Town,12
Upmarket,12
Fragrant,12
Gluten,12
Front,12
Ended,12
Pancakes,12
Pancake,12
Getting,12
Bean,12
Does,12
Awesome,12
Once,12
Waited,12
Part,12
Usual,12
Elegant,12
Buy,12
Compact,12
Check,12
Near,12
Smell,12
Least,12
Giving,12
Inspired,12
Intimate,12
Hands,12
Beers,12
Sitting,12
Broth,12
Yum,12
Fare,12
Chilli,12
Perfection,12
Ordering,12
Comfortable,12
Machi,12
Sip,12
Attention,12
Vegetarian,12
Lounge,11
Knowledgeable,11
Thought,11
Treat,11
Impressed,11
Attitude,11
Understand,11
Break,11
Lovers,11
Twist,11
Located,11
Tangy,11
Reviews,11
Maybe,11
Airy,11
Natural,11
Genuinely,11
Lady,11
Eating,11
Flaky,11
Slice,11
Tiramisu,11
Cheesecake,11
Ask,11
Given,11
Central,11
Berry,11
Stars,11
Sizes,11
Surprise,11
Ambiance,11
Someone,11
Juice,11
Views,11
Forward,11
Groups,11
Laid,11
Smoothie,11
Past,11
Received,11
Prawns,11
Help,11
Hour,11
Along,11
Poor,11
Health,11
Seem,11
Glass,11
Course,11
Clear,11
Potato,11
Tapas,11
Between,10
Wrong,10
Tucked,10
Flat,10
Overly,10
Convenient,10
Paid,10
Serves,10
Hospitality,10
Base,10
Yoghurt,10
Nicely,10
French,10
Toast,10
Stand,10
Rush,10
Windows,10
Vibes,10
Sense,10
Balls,10
Tofu,10
Bold,10
Kinako,10
Add,10
Impressive,10
Lively,10
Mousse,10
Job,10
Second,10
Walked,10
End,10
Sweets,10
Pizzas,10
Appreciated,10
Throughout,10
Produce,10
Bought,10
Smaller,10
Slow,10
Juices,10
Building,10
Snack,10
Exposed,10
Bagel,10
Croissants,10
Needed,10
Hit,10
Heavy,10
Expectations,10
Finished,10
Vintage,10
Started,10
Helping,10
Spanish,10
Seemed,10
Floors,10
Heart,10
Lychee,10
Chef,10
Sharing,10
Sour,10
Wall,10
Garden,10
Crepe,10
Myself,10
Environment,9
Evening,9
Rather,9
Booths,9
Tacos,9
Roasted,9
Menus,9
Ramen,9
Hangout,9
Arrived,9
Tiny,9
Gourmet,9
Cookies,9
Oolong,9
Several,9
Mixed,9
Calamari,9
Bistro,9
Aromatic,9
Else,9
Fries,9
Topped,9
Okay,9
Mussels,9
May,9
Classics,9
Aroma,9
Ribs,9
Entire,9
Classy,9
Rest,9
Crafted,9
Worst,9
Station,9
Wife,9
Earl,9
Rooftop,9
Shops,9
Vibrant,9
Expensive,9
Restaurants,9
Vegetables,9
Pandan,9
Design,9
Yourself,9
Polished,9
Jasmine,9
Business,9
Similar,9
Sunday,9
Bagels,9
Weekends,9
Waiting,9
Exactly,9
Self,9
Needs,9
Main,9
Ceiling,9
Told,9
Single,9
Return,9
Difference,9
Miso,9
Cannot,9
Catching,9
Anything,8
Running,8
Within,8
Beyond,8
Standing,8
Fan,8
Sashimi,8
Rude,8
Ago,8
Types,8
Rooms,8
Quiet,8
Across,8
True,8
Sleek,8
Spots,8
Victoria,8
Wouldn,8
Please,8
Upscale,8
Provided,8
Lettuce,8
Regards,8
Champ,8
Mog,8
Canteen,8
Toasted,8
Peak,8
Sourced,8
Liked,8
Squid,8
Rate,8
Longer,8
Efficient,8
Sago,8
Staffs,8
Soups,8
Terrace,8
Familiar,8
Touch,8
Stunning,8
Taiwanese,8
Wish,8
Worked,8
Soy,8
Lacked,8
Queen,8
Boba,8
Particularly,8
Pistachio,8
Should,8
Haven,8
Personal,8
Catering,8
Smart,8
Slices,8
Meats,8
Year,8
Under,8
Crisp,8
Appreciate,8
Taro,8
Prepared,8
Chili,8
Bacon,8
Stay,8
Bowls,8
Week,8
Enjoying,8
Disappoint,8
Guess,8
Grill,8
Cocktail,8
Ones,8
Worse,8
Except,8
Bright,8
Train,8
Water,8
Look,8
Behind,8
Wooden,8
Notch,7
Buzzy,7
Savory,7
Opening,7
Life,7
King,7
Higher,7
Close,7
Products,7
Hand,7
Seasoned,7
American,7
Fault,7
Pieces,7
Clearly,7
Hungry,7
Communal,7
Easily,7
Heard,7
Carb,7
Sets,7
Considering,7
Offerings,7
Charming,7
Almond,7
Dry,7
Included,7
Dirty,7
Totally,7
Waitress,7
Melt,7
Specialty,7
Conscious,7
Designed,7
Shaved,7
Bland,7
Silky,7
Talk,7
Shared,7
Takes,7
Calm,7
Bag,7
Despite,7
Showed,7
Seems,7
Popping,7
Kick,7
Tasting,7
Shrimp,7
Brought,7
Buttery,7
Enjoyable,7
Walk,7
Pack,7
Story,7
Pies,7
Lit,7
Ham,7
Pricey,7
Name,7
Established,7
Dine,7
Fusion,7
Leave,7
Photo,7
Kept,7
Brekkie,7
Djs,7
Fillings,7
Believe,7
Tonight,7
Positive,7
Partner,7
Box,7
Belly,7
Taking,7
Surprised,7
Doing,7
Stopped,7
Dim,7
Type,7
Ate,7
Product,7
Sweeter,7
Mention,7
Concept,7
Stuff,7
Spent,7
Stores,7
Extensive,7
Basque,7
Sign,7
Hanging,7
Fancy,7
Total,7
Aren,7
Expected,7
Sydney,7
Indulgent,7
Breakfasts,7
Lunches,7
Quantity,7
Run,7
Nails,7
Paper,6
Cross,6
Seriously,6
Knew,6
Missing,6
Acai,6
Pcs,6
Aesthetic,6
Guys,6
Overpowering,6
Met,6
Etc,6
Remember,6
Weeks,6
Cost,6
Standards,6
Brand,6
Terms,6
Camellia,6
Decide,6
Bottle,6
Lighting,6
Waste,6
Pleasure,6
Round,6
Dishing,6
Addictive,6
Due,6
Nearby,6
Destination,6
Minimalist,6
Anyway,6
Personally,6
Goodness,6
Watch,6
Brown,6
Skip,6
Loves,6
Display,6
Lucky,6
Bone,6
Lavender,6
Using,6
Managed,6
Energy,6
Exceptionally,6
Wrap,6
International,6
Trip,6
Create,6
Homey,6
Savoury,6
Leather,6
Citrus,6
Reminded,6
Pre,6
Relax,6
Peanut,6
Australia,6
Satisfied,6
Crowded,6
Bigger,6
Sorry,6
Chill,6
Dark,6
Cashier,6
Feature,6
Typical,6
Cone,6
Paired,6
Staples,6
Adding,6
Saturday,6
Phenomenal,6
Details,6
Bitter,6
Rock,6
Thin,6
Buying,6
Apart,6
App,6
Premium,6
Winter,6
Brisket,6
Whilst,6
Sometimes,6
Deco,6
Queue,6
Alcoholic,6
Creating,6
Shokupan,6
Boxes,6
Ideal,6
Chatting,6
Pure,6
Favourites,6
Above,6
Card,6
Miss,6
Pocket,6
Complimentary,6
Greek,6
Basement,6
Genastar,6
Cups,6
Kids,6
Specials,6
Plate,6
Biscoff,6
World,6
Burritos,6
Prefer,6
Towards,6
Wednesday,6
Pay,6
Mine,6
Homemade,6
Saw,6
Leaves,6
Drinking,6
Goes,6
Bursting,6
Oysters,6
Solid,6
Write,6
Accommodating,6
Sides,6
Party,6
Satay,6
Deep,6
Focaccia,6
Unacceptable,5
China,5
Herbs,5
Chat,5
Spices,5
Snow,5
Change,5
Fair,5
Support,5
Southern,5
Linguine,5
Shell,5
Crab,5
Indonesian,5
Crunch,5
Tier,5
Powder,5
Multiple,5
Tooth,5
Opened,5
Tempura,5
Molly,5
Shortcake,5
Twice,5
Window,5
Catch,5
Cutlery,5
Charge,5
European,5
Batch,5
Meet,5
Taning,5
Wedding,5
Suited,5
Urban,5
Keen,5
Bun,5
Various,5
Grass,5
Oil,5
Booking,5
Hope,5
Instantly,5
Per,5
Deal,5
Excited,5
Alcohol,5
Hoping,5
Avoid,5
Happily,5
Door,5
Otherwise,5
Easygoing,5
Elizabeth,5
Culinary,5
Centre,5
View,5
Yes,5
Sake,5
Ambience,5
Cauliflower,5
Seat,5
Medium,5
Waiter,5
Gelato,5
Welcomed,5
Politely,5
Topping,5
Certainly,5
Hits,5
Weather,5
Superb,5
Wagyu,5
Later,5
Cantonese,5
Veggies,5
Brewed,5
Sliders,5
Whipped,5
Court,5
Veggie,5
Eatery,5
Consistent,5
Others,5
Eaten,5
Delivery,5
Nutrition,5
Goods,5
Mushrooms,5
Negative,5
English,5
Noticed,5
Case,5
Burrito,5
Ready,5
Mind,5
Wanting,5
Instagram,5
Charged,5
Machine,5
Sports,5
Surcharge,5
Liking,5
Feed,5
Recommendation,5
Surprisingly,5
Become,5
Technique,5
Oreo,5
Choices,5
Blend,5
Date,5
Consistently,5
Nuts,5
Subtle,5
Step,5
Lost,5
Students,5
Chefs,5
Heat,5
Difficult,5
Yuzu,5
Follow,5
Chai,5
Spinach,5
Borek,5
Nutty,5
Refined,5
Indeed,5
Particular,5
Ethiopian,5
Private,5
Talking,5
Mates,5
Package,5
Brilliant,5
Season,5
Properly,5
Vast,5
Ceilings,5
Bring,5
Website,5
Reservation,5
Group,5
Frozen,5
Sauces,5
Sells,5
Oily,5
Downside,5
Mentioned,5
Versions,5
Lobster,5
Maison,5
Feeling,5
Providing,5
Leaving,5
Indoor,5
Credit,5
Online,5
Orders,5
Cloud,5
Pairs,5
Delight,5
Pleasantly,5
Freshness,5
Flavoured,5
Girl,5
Container,5
Seeing,5
Curated,5
Executed,5
Comfy,5
Brings,5
Blueberry,5
Middle,5
Includes,4
Basil,4
Former,4
Packaging,4
Serena,4
Satisfy,4
Tomato,4
Terrific,4
Alone,4
Via,4
Office,4
Dished,4
Diner,4
Prompt,4
Benedict,4
Matched,4
Chargrilled,4
Upstairs,4
Slick,4
Kebab,4
Floor,4
Returning,4
Dubai,4
Cube,4
Apple,4
Minor,4
Pineapple,4
Server,4
Relaxing,4
Request,4
Mocha,4
Divine,4
Trust,4
Asking,4
Grace,4
Queues,4
Suggest,4
Monday,4
Showing,4
Hang,4
Cook,4
Edible,4
Heads,4
Man,4
Bottom,4
Split,4
Section,4
Meeting,4
Tap,4
Sad,4
Honey,4
Mayo,4
Shopping,4
Cheerful,4
Protein,4
Timber,4
Manager,4
Eye,4
Site,4
Biggest,4
Pickles,4
Sooo,4
Shiitake,4
Possible,4
Turkish,4
Shoutout,4
Crumbs,4
Milky,4
Buns,4
Pop,4
Salsa,4
Bourke,4
Sadly,4
Simply,4
Stopping,4
Lights,4
Appetite,4
Lover,4
Bark,4
Thoughtful,4
Move,4
Effort,4
Maintained,4
Magic,4
Covered,4
Corn,4
Peri,4
Until,4
Called,4
Organic,4
Donuts,4
Deserves,4
Thoughtfully,4
Hummus,4
Exceeded,4
Equally,4
Cater,4
Underwhelming,4
Chairs,4
Handmade,4
Decadent,4
Bitterness,4
Fruity,4
Creativity,4
Combining,4
Fairly,4
Areas,4
Gorgeous,4
Couldnt,4
Raspberry,4
Attached,4
Loud,4
Members,4
Phone,4
Def,4
Onions,4
Future,4
Maple,4
Cucumber,4
Nasi,4
Raving,4
Sends,4
Raw,4
Reason,4
Bottles,4
Fix,4
Reliable,4
Confidently,4
Mogliest,4
Stomach,4
Layer,4
Peach,4
Layered,4
Boy,4
Seeds,4
Watching,4
Explained,4
Helped,4
Frills,4
Braised,4
Dried,4
Ahead,4
Pie,4
Consistency,4
Impression,4
Sold,4
Empty,4
Seen,4
Item,4
Non,4
Match,4
Vegetable,4
Spiced,4
Bustle,4
Hustle,4
Mood,4
Notes,4
Skills,4
Management,4
Sourdough,4
Reasonably,4
Melts,4
Carrots,4
Discovered,4
Combination,4
Solo,4
Disappointment,4
Colombian,4
Stir,4
Unpretentious,4
Cha,4
Skin,4
Funky,4
Tablecloths,4
Daily,4
Whenever,4
Ensure,4
Crust,4
Wrapped,4
Provide,4
Octopus,4
Establishment,4
Barely,4
Issue,4
Hunan,4
Setup,4
Salt,4
Basics,4
Ali,4
Caramel,4
Strength,4
Bulgogi,4
Korea,4
Coffees,4
Steaming,4
Present,4
Alright,4
Seaweed,4
Chilly,4
Instant,4
Themselves,4
Pudding,4
Stayed,4
Pearl,4
Game,4
Majesty,4
Element,4
Focused,4
Benches,4
Cheery,4
Became,4
Originally,4
Idea,4
Based,4
Picked,4
Book,4
Containers,4
Number,4
Spoonful,4
Fell,4
None,4
Dietary,4
Platter,4
Roast,4
Read,4
Brands,4
Cookie,4
Overcooked,4
Corner,4
Shanghai,4
Smells,4
Couches,4
Cutting,4
Explain,4
Oat,4
Depth,4
Refund,4
Solbowl,4
Tapioca,4
Colourful,4
Class,4
Bali,4
Double,4
Budget,4
Guy,4
Kitsch,4
Decorated,4
Remove,4
Tag,4
Kartel,4
Panelled,4
School,4
Riverside,4
Pad,4
Buzzing,4
Stick,4
Expecting,4
Four,4
Sugarcane,4
Churros,4
Fixing,4
Repeat,4
Calling,4
Piece,4
Mini,4
Delivered,4
Build,4
Thick,4
Batter,4
Horrible,4
Addition,4
Drank,4
Ginger,4
Purple,4
Morgan,4
Pour,4
Berries,4
Kebabs,3
Faye,3
Evelyn,3
Call,3
Five,3
Tied,3
Sophisticated,3
Grand,3
Plastic,3
Bags,3
Sized,3
Cardamon,3
Interested,3
Kimchi,3
Stuffed,3
Words,3
Foods,3
Jiggly,3
Accompany,3
Doubtful,3
Plush,3
Distinctly,3
Mochi,3
Recent,3
Vic,3
Theatre,3
Ladies,3
Staple,3
Visits,3
Ceilinged,3
Waffle,3
Bambi,3
Cuts,3
Club,3
Excuse,3
Deliver,3
Baguettes,3
Mean,3
Locally,3
Quirky,3
Lemak,3
Unagi,3
Balcony,3
Parisian,3
Underground,3
Overpriced,3
Overwhelming,3
Include,3
Dedicated,3
Boiled,3
Reminds,3
Crave,3
Eel,3
Dough,3
Sausage,3
Starter,3
Picture,3
Promptly,3
Worthy,3
Notice,3
Forgotten,3
Portuguese,3
Husband,3
Mash,3
Pumpkin,3
Besides,3
Iconic,3
Sizzling,3
Neck,3
Tricky,3
Created,3
Gesture,3
Artificial,3
Immediately,3
Revisit,3
Requested,3
Kindly,3
Demonstrated,3
Tom,3
Alternative,3
Trade,3
Closing,3
Espresso,3
Pair,3
Dropped,3
Packs,3
Ways,3
Charlie,3
Culture,3
Tartness,3
Kiwi,3
Mainly,3
Chose,3
Poached,3
Respect,3
Salted,3
Panoramic,3
Common,3
Sprawling,3
Crown,3
Entrance,3
Scallop,3
Italy,3
Impeccable,3
Signage,3
Pink,3
Spencer,3
Code,3
Dollars,3
Mushroom,3
Parma,3
Favour,3
Series,3
Brews,3
Hock,3
Glad,3
Treats,3
Bones,3
Wallet,3
Ran,3
Cravings,3
Air,3
Proper,3
Grills,3
Unexpectedly,3
Swiss,3
Tram,3
Tonkatsu,3
Sum,3
Die,3
Jazz,3
Profile,3
Genmaicha,3
Patio,3
Followed,3
Consider,3
Smoothies,3
Panda,3
Cappuccino,3
Pain,3
Selling,3
Lemongrass,3
Temperature,3
Drop,3
Flatbreads,3
Says,3
Paying,3
Delighted,3
Malaysian,3
Fuss,3
Daughter,3
Elevates,3
Communication,3
Accidentally,3
Blue,3
Kaya,3
Grape,3
Passionfruit,3
Mild,3
Cuppa,3
Cleared,3
Understanding,3
Surrounds,3
Charcoal,3
Biryani,3
Heavier,3
Sangria,3
Outlet,3
Choux,3
Shelf,3
Suggested,3
Moo,3
Pressed,3
Concrete,3
Planned,3
Charging,3
Dipping,3
Weren,3
Weekdays,3
Banquettes,3
Sim,3
Tidy,3
Hoppers,3
Account,3
Center,3
Staying,3
Male,3
Stood,3
Expression,3
Female,3
Speak,3
Soul,3
Den,3
Dimmie,3
Smiles,3
Dumpling,3
Southeast,3
Suit,3
Fry,3
Stairs,3
Mentai,3
Rmit,3
Pairing,3
Spread,3
Tempting,3
Shredded,3
Panini,3
Beverage,3
Dates,3
Wooly,3
Fridge,3
Tomatoes,3
Sausages,3
Fruits,3
Stronger,3
West,3
Inventive,3
Lack,3
Courtyard,3
Leans,3
Cafes,3
Highlights,3
Global,3
Arancini,3
Schnitzels,3
East,3
Prepare,3
Happening,3
Fills,3
Runs,3
Issues,3
Actual,3
Keeps,3
Tip,3
Tendon,3
Highest,3
God,3
Him,3
Watermelon,3
Falafel,3
Buckets,3
Eastern,3
North,3
Minimal,3
Combos,3
Checking,3
Chocolat,3
Bang,3
Allergies,3
Sesame,3
Loads,3
Brew,3
Creme,3
Arrive,3
Intense,3
Seeking,3
Saving,3
Wings,3
Tvs,3
Banana,3
Canap,3
Save,3
Version,3
Karaage,3
Lapsang,3
Lanzhou,3
Honest,3
Chew,3
Alleyway,3
Moved,3
Iga,3
Bakers,3
Guests,3
Potential,3
Holiday,3
Weekday,3
Recommending,3
Stone,3
Hash,3
Sri,3
Lived,3
Genuine,3
Charm,3
Adds,3
Mostly,3
Alongside,3
Swallow,3
Omelette,3
Regularly,3
Guest,3
Gozleme,3
Payment,3
Dream,3
Textures,3
Summer,3
Curries,3
Lankan,3
Elevated,3
Tard,3
Unlike,3
Slight,3
Danish,3
Gems,3
Refused,3
Event,3
Royal,3
Watery,3
Nam,3
Cutlet,3
Complaints,3
Ground,3
Approach,3
Hai,3
Celebration,3
Road,3
Receipt,3
Striking,3
Themed,3
Cheeseburger,3
Nepalese,3
Discover,3
Overpowered,3
Begin,3
Increase,3
Massive,3
Cover,3
Nicer,3
Warming,3
Brekky,3
Melb,3
African,3
Lined,3
Yesterday,3
Indulgence,3
Deli,3
Changes,3
August,3
Son,3
Occasions,3
Teriyaki,3
Volcano,3
Omg,3
Allowed,3
Beverages,3
Truffle,3
Fork,3
Steal,3
Seasoning,3
Coating,3
Levels,3
Mirrored,3
Boost,3
Custard,3
Shape,3
Breads,3
Thinking,3
Interest,3
Paella,3
Hotpot,3
Bits,3
Parliament,3
Par,3
Rating,3
Sat,3
Gastropub,3
Anniversary,3
Company,3
Ease,3
Greeted,3
Orange,3
Napkin,3
Taken,3
Cellar,3
Rarely,3
Bases,3
Respond,3
Steaks,3
Suddenly,3
Lime,3
Indulge,3
Girls,3
Romantic,3
Changer,3
Efficiency,3
Gujarati,3
Edge,3
Tight,3
Edamame,3
Katsu,3
Ten,3
Brisk,3
Foodie,3
Power,3
Facade,3
Explore,3
Presentations,2
Easter,2
Tiles,2
Appreciates,2
Passionate,2
Wholesome,2
Sofas,2
Introducing,2
Slushy,2
Golzeme,2
Rotating,2
Fixed,2
Months,2
Accessible,2
Readily,2
Taiwan,2
Alternatives,2
Jack,2
Jumping,2
Sting,2
Shipping,2
Champagne,2
Smoothly,2
Driven,2
Artistic,2
Chagee,2
Edited,2
Raisin,2
Historic,2
Fitzroy,2
Ensuring,2
Count,2
Bringing,2
Cramped,2
Rushed,2
Thursday,2
Unwelcoming,2
Unprofessional,2
Skies,2
Broken,2
Fitness,2
Succulent,2
Macaroon,2
Mixue,2
Preferences,2
Nourishing,2
Clever,2
Updated,2
Presenting,2
Redbrick,2
Uses,2
Peas,2
Steam,2
Mandarin,2
Locations,2
Cheesecakes,2
Appears,2
Fashionable,2
Shares,2
Encourages,2
Holds,2
Extreme,2
Entr,2
Exquisite,2
Owners,2
Martinis,2
Describe,2
Briefly,2
System,2
Sport,2
Upbeat,2
Festive,2
Roomy,2
State,2
Flavoursome,2
Seated,2
Randomly,2
Kinds,2
Generally,2
Chilled,2
Goose,2
Locale,2
Lindenderry,2
Naturally,2
Equipment,2
Soap,2
Inedible,2
Accept,2
Increased,2
Unbelievably,2
Somehow,2
Points,2
Pots,2
Declined,2
Joint,2
Mounted,2
Giraffe,2
Frequently,2
Purchase,2
Kumo,2
Papi,2
Behavior,2
Minute,2
Sincere,2
Commitment,2
Professionalism,2
Library,2
Weird,2
Specialising,2
Suites,2
Eyes,2
Anywhere,2
Uni,2
Answered,2
Angry,2
Happiness,2
Landing,2
Moving,2
Americanos,2
Deserve,2
Film,2
Candles,2
Drizzled,2
Promise,2
Grateful,2
Dee,2
Informal,2
Dimly,2
Carryout,2
Modest,2
Amanda,2
Lightly,2
Cart,2
Cheaper,2
Fountain,2
Peaceful,2
Acceptable,2
Prow,2
Complain,2
Curd,2
Unfriendly,2
Shows,2
Kindness,2
Stalls,2
Older,2
Legend,2
Decoration,2
Win,2
India,2
Tandoori,2
Lacking,2
Email,2
Candied,2
Msg,2
Chiffon,2
Process,2
Emails,2
Pakoda,2
Chopped,2
Tastier,2
Cod,2
Study,2
Stroll,2
Colleague,2
Showcasing,2
Restrictions,2
Toffee,2
Longest,2
Hoe,2
Supply,2
Superior,2
Lets,2
Chaffle,2
Bakeries,2
Hence,2
Feast,2
Board,2
Games,2
Karaoke,2
Infused,2
Viral,2
Square,2
Dense,2
Jamon,2
Roe,2
Comparing,2
Odd,2
Password,2
Contact,2
Soggy,2
Plain,2
Dismissive,2
Exploring,2
Impressively,2
Midday,2
Scent,2
Messy,2
Sunny,2
Prettiest,2
Plants,2
Surprising,2
Happened,2
Kisa,2
Ondol,2
Loaded,2
Fav,2
Warmed,2
Costs,2
Spectacular,2
Bisou,2
Song,2
General,2
Bakemono,2
Bomb,2
Vanilla,2
Watering,2
Amritsari,2
Handle,2
Kulcha,2
Forgot,2
Delish,2
Resist,2
Meatballs,2
Mac,2
Dinning,2
Coppe,2
Suitable,2
Lunchtime,2
Decorations,2
Nutritious,2
Unpleasant,2
Summary,2
Straightforward,2
Karage,2
Asset,2
Shakes,2
Stale,2
Threw,2
Cared,2
Remained,2
Skewer,2
Customize,2
Porchetta,2
Weekly,2
Nutella,2
Unforgettable,2
Starters,2
Posh,2
Tuesday,2
Friday,2
Nailed,2
Tentacles,2
Experiences,2
Creates,2
Atrium,2
Catered,2
Navigate,2
Yakult,2
Candle,2
Major,2
Tamago,2
Pecan,2
Weak,2
Starting,2
Flavored,2
Gym,2
Takoyaki,2
Waiters,2
Brulee,2
Terrible,2
Regret,2
Thats,2
Vacation,2
Row,2
Moves,2
Arabian,2
Gloomy,2
Laksa,2
Croquetas,2
Comprehensive,2
Melted,2
Lcyhee,2
Tartare,2
Ofcourse,2
Figure,2
Rib,2
Domaine,2
Reviewer,2
Gotta,2
Operator,2
San,2
Spa,2
Hector,2
Mediocre,2
Epitomised,2
Licensed,2
Hall,2
Rings,2
Built,2
Background,2
Lead,2
Claw,2
Hefty,2
Public,2
Carrot,2
Sticks,2
Encountered,2
Families,2
Contrasts,2
Undercut,2
Fattiness,2
Pricier,2
Foam,2
Professionally,2
Wind,2
Cause,2
Fat,2
Travel,2
Featured,2
Baguette,2
Croquettes,2
Combined,2
Batard,2
Veg,2
Opinion,2
Lift,2
Piled,2
Northern,2
Hardly,2
Flinders,2
Pinot,2
Plum,2
Fronts,2
Felafel,2
Exp,2
Sunda,2
March,2
Eager,2
Claustrophobic,2
Bakar,2
Thickened,2
Steel,2
Detect,2
Rolled,2
Min,2
Wafting,2
Arabesque,2
Tradition,2
Manner,2
Grub,2
Chorizzo,2
Social,2
Combine,2
Complete,2
Conveniently,2
Plasma,2
Shelves,2
Lighter,2
Additional,2
Boutique,2
Head,2
Crafting,2
Richness,2
Diverse,2
Understaffed,2
Uncomfortable,2
Tough,2
Smoked,2
Temaki,2
Windsor,2
Goreng,2
Travelling,2
Depending,2
Gallery,2
Atmospheric,2
Supermarket,2
Gifts,2
Platters,2
Acidic,2
Telling,2
Souchong,2
Velvet,2
Gardens,2
Prime,2
Amid,2
Glamorous,2
Feta,2
Chocolatey,2
Improved,2
Upsize,2
Possibly,2
Passion,2
Turkey,2
Browns,2
Wonder,2
Eats,2
Burrata,2
Pesto,2
Ragu,2
Screens,2
Bay,2
Cultural,2
Lapse,2
Master,2
Haha,2
Parfait,2
Information,2
Swanston,2
Standouts,2
Delicate,2
Punchbowl,2
Awful,2
Scrambled,2
Springy,2
University,2
Chia,2
Presents,2
Children,2
Observing,2
Colleagues,2
Stuck,2
Gnocchi,2
Remaining,2
Tiled,2
Parmesan,2
Ticket,2
Granola,2
Reckon,2
Accompaniment,2
Mouthwatering,2
Control,2
Lol,2
Grocery,2
Murals,2
Finding,2
Bbqs,2
Boneless,2
Tuna,2
Changing,2
Complementary,2
Memories,2
Pita,2
Nostalgic,2
Update,2
Letdown,2
Cabinet,2
Cares,2
Greatly,2
Random,2
Halal,2
Daniel,2
Morta,2
Cranberry,2
Aioli,2
Eric,2
Oats,2
Blends,2
Born,2
Post,2
Cliff,2
Sichuan,2
Missed,2
Turn,2
Opens,2
Largely,2
Cider,2
Roof,2
Popped,2
Adventures,2
Reference,2
Bahn,2
Soaking,2
Xiangli,2
Remembered,2
Roti,2
Foul,2
Sounds,2
Upset,2
Staring,2
Willing,2
Mess,2
Ratio,2
Living,2
Confirm,2
July,2
Sound,2
Stock,2
Deviled,2
Avocado,2
Putonghua,2
Whipping,2
Dreaming,2
Chesterfields,2
Baristas,2
Returned,2
Cabbage,2
Improve,2
Charges,2
Normal,2
Zabb,2
Nua,2
Isaan,2
Father,2
Unassuming,2
Fermented,2
Flame,2
Somewhere,2
Onsen,2
Trattoria,2
Humble,2
Pricing,2
Prior,2
Tub,2
Discarded,2
Somewhat,2
Pickled,2
Confusing,2
Listed,2
Among,2
Poster,2
Milkshake,2
Circl,2
Suck,2
Literally,2
Coma,2
Upon,2
Favorites,2
Baby,2
Fired,2
Congee,2
Specialties,2
Masala,2
Strand,2
Spend,2
Tori,2
Porridge,2
Wasnt,2
Warehouse,2
Guacamole,2
Note,2
Zing,2
Leads,2
Offal,2
Orion,2
Allows,2
Sun,2
Indoors,2
Nights,2
Burnt,2
Velvety,2
Waffles,2
Misleading,2
Ive,2
Japan,2
Experienced,2
Gift,2
Bon,2
Pun,2
Workers,2
Assured,2
Mediterranean,2
Nestled,2
Improvement,2
Bare,2
Values,2
Respectful,2
Mince,2
Versatile,2
Bloomwood,2
Offals,2
Tabletop,2
Deals,2
Hambagu,2
Dorsett,2
Port,2
Promotion,2
Til,2
Mistake,2
Grapes,2
Sophistication,2
Typically,2
Associated,2
Plump,2
Omo,2
Smoky,2
Redeeming,2
Body,2
Ingredient,2
Condiments,2
Illustrated,2
Scope,2
Reaching,2
Escape,2
Definitions,2
Claims,2
Taco,2
Icecream,2
Decline,2
Occupied,2
Bluestone,2
Irish,2
Koko,2
Bouncy,2
Authenticity,2
British,2
Traditions,2
Warned,2
Elegance,2
Refinement,2
Poorly,2
Mildly,2
Regional,2
Eventually,2
Drawn,2
Smiley,2
Face,2
Slowly,2
Machines,2
Brushing,2
Occasion,2
Bed,2
Puree,2
Appetisers,2
Attended,2
Undercooked,2
Learning,2
Understandable,2
Gotten,2
Stays,2
Handy,2
Final,2
Movie,2
Chatime,2
Tray,2
Woodsy,2
Enchiladas,2
Tired,2
Uninviting,2
Salvage,2
Challenge,2
Novelty,2
Elsewhere,2
Pool,2
Unwind,2
Sizzle,2
Enduring,2
Margaritas,2
Leftovers,2
Tells,2
Pizzeria,2
Prc,2
Aesthetically,2
Pleasing,2
Enjoys,2
Stepped,2
Citrusy,2
Sunshine,2
Smiskis,2
South,2
Markets,2
Basically,2
Combinations,2
Employees,2
Tone,2
Suggestions,2
Strawberries,2
Schnitzel,2
Pride,2
Squeezed,2
Glows,2
Shocked,2
Handful,2
Sips,2
Aside,2
Thirsty,2
Narrow,2
Ppl,2
Vine,2
Smith,2
Smiling,2
Impatient,2
Girlfriend,2
Afterward,2
Turned,2
Superbly,2
Leo,2
Complemented,2
Milksha,2
Nail,2
Aftertaste,2
Housemade,2
Lebanese,2
Page,2
Refilling,2
Broccoli,2
Convenience,2
Onsite,2
Sear,2
Flow,2
Fillet,2
Doubt,2
Gravy,2
Chocolates,2
Mamma,2
Artisanal,2
Snug,2
Initially,2
Prominent,2
Lookout,2
Grey,2
Patisserie,2
Gonna,2
Hiding,2
Rudely,2
Heaps,2
Content,2
Amazed,2
Pattaya,2
Ample,2
Cheapest,2
Potatoes,2
Works,2
Thoroughly,2
Efficiently,2
Cuban,2
Savouries,2
Required,2
Morphing,2
Crushed,2
Bonus,2
Cinnamon,2
Dressing,2
Shout,2
Accompanied,2
Significantly,2
Fully,2
Tins,2
Cayleb,2
Samples,2
Pops,2
Selected,2
Chaat,2
Barramundi,2
Straight,2
Anti,2
Pretentious,2
Visual,2
Cor,2
Celebrating,2
Bao,2
Spicier,2
Manage,2
Robust,2
York,2
Unhurried,2
Flavourless,2
Cash,2
Ticks,2
Struck,2
Substance,2
Falls,2
Plated,2
Celebrated,2
Gets,2
Salon,2
Services,2
Expert,2
Carte,2
Planning,2
Leftover,2
Meatball,2
Lacklustre,2
Mall,2
Stands,2
Zoe,2
Focusing,2
Sell,2
Ideas,2
Teppanyaki,2
Dancing,2
Storey,2
Bookcase,2
Creaminess,2
Trained,2
Chimnutz,2
Neighbourhood,2
Facing,2
Hainanese,2
Tequila,2
Provides,2
Whiskey,2
Dehydrated,2
Waaaay,2
Branch,2
Whopping,2
Souvenirs,2
Rialto,2
Compare,2
Chimnuts,1
Bouquets,1
Scented,1
Classes,1
Lunar,1
Bohemian,1
Soaring,1
Overlooking,1
Era,1
Malts,1
Blueberries,1
Takeout,1
Homegrown,1
Creamer,1
Curtains,1
Bunker,1
Timey,1
Launches,1
Loving,1
Swanky,1
Comedy,1
Graffiti,1
Whiskeys,1
Chahalo,1
Tldr,1
Awwww,1
Cough,1
Navigating,1
Expertise,1
Dropping,1
Bathtub,1
Acts,1
Loosing,1
Alive,1
Sigg,1
Cunce,1
Legends,1
Wookiee,1
Coles,1
Robbing,1
Checkout,1
Industry,1
Lisa,1
Handled,1
Losing,1
Indication,1
Whatsoever,1
Labeled,1
Tossing,1
Aggressively,1
Correct,1
Frizen,1
Exhibition,1
Speedy,1
Choosing,1
Advice,1
Practitioner,1
Centers,1
Breeze,1
Workday,1
Passing,1
Situated,1
Layout,1
Softness,1
Crispness,1
Finer,1
Exaggeration,1
Aspect,1
Maintain,1
Organized,1
Ornate,1
Further,1
Grabbing,1
Relive,1
Compromise,1
Petit,1
Arrangement,1
Balances,1
Tablecloth,1
Jugs,1
Operation,1
Banquets,1
Maze,1
Dome,1
Muralled,1
Forest,1
Croffle,1
Lulu,1
Access,1
Visitor,1
Leisurely,1
Smokey,1
Beads,1
Minis,1
Patisseries,1
Yakitori,1
Wing,1
Kingfish,1
Dined,1
Flash,1
Associates,1
Impact,1
Environmental,1
Deliveries,1
Corporate,1
Sites,1
Wasteful,1
Aka,1
Tsukune,1
Softly,1
Banter,1
Robata,1
Exhibits,1
Dominated,1
Grow,1
Gums,1
Prick,1
Wiped,1
Smelly,1
Crispiness,1
Installation,1
Animal,1
Fire,1
Colour,1
Psychedelic,1
Flashy,1
Flames,1
Smoke,1
Hyatt,1
Stacked,1
Monochrome,1
Jaffles,1
Frothy,1
Rivalled,1
Steep,1
Lavish,1
Undeniably,1
Bill,1
Sak,1
Dimensional,1
Matchamisu,1
Bookstore,1
Jaffle,1
Halloumi,1
Exception,1
Daal,1
Appetizer,1
Broader,1
Focuses,1
Clarify,1
Cardamom,1
Means,1
Sumptuous,1
Sluggish,1
Scheme,1
Demeanor,1
Elevate,1
Tilly,1
Nebbiolo,1
Spanner,1
Definite,1
Pisco,1
Ceviche,1
Geometric,1
Peruvian,1
Draft,1
Steakhouse,1
Naan,1
Subzi,1
Realize,1
Anchovy,1
Skimp,1
Humming,1
Tunes,1
Stumble,1
Dive,1
Function,1
Cattle,1
Push,1
Smoking,1
Pushed,1
Fortnight,1
Informed,1
Foreigner,1
Message,1
Customised,1
Require,1
Ella,1
Lex,1
Lara,1
Child,1
Novotel,1
Guided,1
Traveler,1
Movies,1
Bollywood,1
Eclectically,1
Unbelievable,1
Weight,1
Gaining,1
Lacey,1
Soak,1
Effortlessly,1
Branded,1
Unbranded,1
Confused,1
Roasts,1
Deserts,1
Bdays,1
Competitive,1
Sections,1
Getaway,1
Flair,1
Fitout,1
Spritz,1
Aperol,1
War,1
Weapon,1
Porter,1
Alla,1
Stretched,1
Chandeliers,1
Worried,1
Coriander,1
Papaya,1
Intention,1
Thumbs,1
Foolish,1
Moorish,1
Ups,1
Melting,1
Mackerel,1
Mission,1
Officially,1
Coz,1
Lemonade,1
Bouche,1
Amuse,1
Harmony,1
Welcome,1
Scallops,1
Yasmin,1
Unreal,1
Dollop,1
Quickest,1
Easiest,1
Advance,1
Ish,1
Ganache,1
Twang,1
Fiorentina,1
Discriminatory,1
Hosted,1
Tiramis,1
Churchill,1
Bistecca,1
Cloying,1
Heavily,1
Relied,1
Parched,1
Shanding,1
Posting,1
Tqvm,1
Closee,1
Tiktok,1
Hostesses,1
Twisted,1
Vanessa,1
Judgea,1
Ravioli,1
Mystery,1
Leary,1
Rockstars,1
Bloody,1
Quaint,1
Risotto,1
Zucchini,1
Shin,1
Reare,1
Trouble,1
Yuhan,1
Latin,1
Biscuit,1
Preview,1
Rag,1
Ala,1
Steady,1
Victor,1
Informative,1
Park,1
Renovation,1
Pyrenees,1
Feasts,1
Pear,1
Rack,1
Entree,1
Terrine,1
Screen,1
Richard,1
Firstly,1
Safety,1
Moldy,1
Creperie,1
Agreed,1
Saltiness,1
Clerk,1
Unusually,1
Upper,1
Indulging,1
Undrinkable,1
Unmixed,1
Flavorless,1
Maries,1
Bain,1
Greasy,1
Cut,1
Absorbed,1
Granulated,1
Americano,1
Lemonricano,1
Toasts,1
Bbh,1
Iron,1
Cast,1
Bubbling,1
Steamy,1
Paced,1
Piping,1
Lvl,1
Hosts,1
Catherine,1
Fireside,1
Property,1
Apreciate,1
Bur,1
Sicilian,1
Calzones,1
Parlour,1
Moses,1
Stool,1
Lanterns,1
Ornaments,1
Leavened,1
Encanto,1
Partners,1
Ons,1
Diners,1
Score,1
Gold,1
Enthusiastic,1
Macadamia,1
Impossible,1
Knife,1
Criticism,1
Appetiser,1
Sufficiently,1
Entres,1
Tenderly,1
Shish,1
Splurge,1
Mentioning,1
Romagna,1
Emilia,1
Reliability,1
Puppucino,1
Dorset,1
Centric,1
Roadside,1
Edememe,1
Vegeta,1
Belt,1
Hunt,1
Drive,1
Affect,1
Euro,1
Term,1
Fridays,1
Hugely,1
Spoon,1
Tikka,1
Standby,1
Moreover,1
Mara,1
Stools,1
Marshmallows,1
Chino,1
Century,1
Underneath,1
Handcrafted,1
Jus,1
Eggplant,1
Dukkha,1
Substantial,1
Fumi,1
Merriment,1
Onto,1
Snuggle,1
Carried,1
Picky,1
Hangar,1
April,1
Unrealibility,1
Warranted,1
Prana,1
Noticeably,1
Mozzarella,1
Launched,1
Newly,1
Gel,1
Cotta,1
Panna,1
Ghibli,1
Hide,1
Sneak,1
Gentleman,1
Froth,1
Cappuccinos,1
Outdoors,1
Unbearable,1
Serene,1
Downlights,1
Kormas,1
Madras,1
Lantern,1
Quinoa,1
Seatings,1
Cushioned,1
Scan,1
Develop,1
Coincidence,1
Institution,1
Gig,1
Reincarnation,1
Mint,1
Siu,1
Gayu,1
Physical,1
Shame,1
Arrangements,1
Hotels,1
Distance,1
Walkable,1
Stole,1
Larb,1
Crackling,1
Prabang,1
Catches,1
Logo,1
Trainee,1
Institute,1
Cooking,1
Chilangos,1
Avoiding,1
Dip,1
Bird,1
Afro,1
Chequered,1
Walled,1
Shiba,1
Durian,1
Brave,1
Reasons,1
Leaning,1
Hole,1
Assumed,1
Zleme,1
Whitewashed,1
Cavernous,1
Regardless,1
Improving,1
Subtly,1
Rosewater,1
Source,1
Tok,1
Minced,1
Yang,1
Kor,1
Processes,1
Graciously,1
Appearance,1
Awsome,1
Boss,1
Dad,1
Luang,1
Tum,1
Disappoints,1
Transport,1
Switchboard,1
Housed,1
Zaap,1
Isan,1
Enter,1
Liver,1
Waan,1
Phones,1
Ear,1
Wash,1
Carne,1
Con,1
Hear,1
Volume,1
Explosion,1
Customisable,1
Pos,1
Cinema,1
Tod,1
Kao,1
Brighten,1
Jared,1
Servings,1
Dancers,1
Flamenco,1
Candlelit,1
Zero,1
Hurry,1
Emporium,1
Exit,1
Discreetly,1
Parlance,1
Replaced,1
Warms,1
Radish,1
Unfussy,1
Bliss,1
Revelation,1
Tad,1
Bentos,1
Dons,1
Vege,1
Turtle,1
Mock,1
Strategic,1
Micha,1
Casually,1
Supportive,1
Nightspot,1
Graffitied,1
Status,1
Eco,1
Cell,1
Duper,1
Bagara,1
Lassi,1
Dosa,1
Creams,1
Dimmies,1
Gates,1
Safe,1
Chashu,1
Tonkotsu,1
Hoisin,1
Paste,1
Becomes,1
Automatically,1
Staggeringly,1
Blending,1
Hehe,1
Someday,1
Cuisines,1
Franchise,1
Panelling,1
Events,1
Rediscovering,1
Asia,1
Uyghur,1
Rotisserie,1
Sensations,1
Dinners,1
Tteokbokki,1
Wowed,1
Block,1
Cassoulet,1
Caveats,1
Mezze,1
Golden,1
Saltier,1
Ting,1
Gear,1
Brewing,1
Hardworking,1
Thus,1
Beware,1
Beats,1
Potion,1
Introduce,1
Patient,1
Snapper,1
Neapolitan,1
Daaaaayum,1
Complexity,1
Contrasted,1
Coldness,1
Contrary,1
Prison,1
Warmly,1
Tomorrow,1
Tested,1
Personable,1
Hardware,1
Loft,1
Companions,1
Overdone,1
Frankly,1
Baos,1
Normally,1
Verde,1
Sugo,1
Lightscape,1
Sub,1
Tho,1
Humour,1
Homely,1
Reach,1
Paneer,1
Amazingly,1
Bikes,1
Cdp,1
Pate,1
Diets,1
Strategy,1
Responsibilities,1
Excess,1
Handsome,1
Mia,1
Define,1
Dash,1
Lasagna,1
Wugu,1
Aus,1
Blowing,1
Related,1
Retailer,1
Impress,1
Dong,1
Pals,1
Frenchie,1
Listen,1
Shoot,1
Description,1
Reading,1
Refresh,1
Premises,1
Cleanliness,1
Architecture,1
Crawl,1
Seamless,1
Btw,1
Afterthought,1
Suits,1
Plan,1
Useful,1
Fabulous,1
Herby,1
Banging,1
Appear,1
Alyssa,1
Whatever,1
Automated,1
Chipolatas,1
Position,1
German,1
Assortment,1
Strange,1
Stalactite,1
Unadorned,1
Novelties,1
Color,1
Dress,1
Bavarian,1
Housing,1
Disco,1
Lining,1
Panels,1
Carpeted,1
Utilitarian,1
Gaming,1
Earth,1
Cumin,1
Tetsujin,1
Camper,1
Pastrami,1
Apologised,1
Communicated,1
Hides,1
Cow,1
Mezzanine,1
Steins,1
Fillers,1
Preset,1
Occasionally,1
Creatively,1
Recycled,1
Costed,1
Moscato,1
Sprinkle,1
Lil,1
Afford,1
Rigatoni,1
Parmigiana,1
Guinness,1
Educated,1
Switched,1
Buck,1
Boutiques,1
Varied,1
Appetizing,1
Bangers,1
Hub,1
Motifs,1
Incorporating,1
Fabric,1
Factory,1
Textile,1
Farm,1
Circular,1
Curtain,1
Mysterious,1
Musical,1
Annie,1
Hung,1
Chargrills,1
Argentinian,1
Turning,1
Lingered,1
Faster,1
Land,1
Bentwood,1
Tail,1
Nose,1
Sichuanese,1
Coffeehouse,1
Scone,1
Entremet,1
Marble,1
Cannoli,1
Battle,1
Delay,1
Schedule,1
Throwing,1
Oozing,1
Zaatar,1
Paninis,1
Souperman,1
Finger,1
Scones,1
Alot,1
Peperoni,1
Soucheong,1
Arvo,1
Adapt,1
Seminar,1
Ceramic,1
Riceball,1
Harsh,1
Rounded,1
Leaf,1
Loose,1
Twelve,1
Sparkling,1
Bergamot,1
Pavlova,1
Reserve,1
Midway,1
Disease,1
Celiac,1
Thst,1
Riceballs,1
Finicky,1
Fascinating,1
Rolling,1
Caters,1
Excels,1
Opted,1
Omakase,1
Conversations,1
Friee,1
Entreme,1
Macaroons,1
Watercress,1
Gently,1
Donut,1
Styled,1
Marked,1
Tolerate,1
Adorned,1
Risk,1
Reeeeaaallly,1
Managing,1
Staffing,1
Secure,1
Suggests,1
Opposite,1
Profoundly,1
Varying,1
Microbrewery,1
Grigio,1
Improvements,1
Canadian,1
Beetroot,1
Swap,1
Mao,1
Kee,1
Delia,1
Shane,1
Hold,1
Historical,1
Filters,1
Matches,1
Textured,1
Accurately,1
Reflects,1
Asap,1
Macchiato,1
Maker,1
Hurts,1
Spongey,1
Prides,1
Month,1
Separated,1
Pavilion,1
Joke,1
Notable,1
Functional,1
Young,1
Appeal,1
Playing,1
Host,1
Ferre,1
Pommes,1
Pur,1
Apply,1
Surcharges,1
Illustrations,1
Coke,1
Severely,1
Cities,1
Cousins,1
Sofitel,1
Tastebuds,1
Mustards,1
Asparagus,1
Lovvvve,1
Congratulations,1
Asortiment,1
Curious,1
Shines,1
Ray,1
Peppercorn,1
Bisque,1
Crayfish,1
Tipples,1
Antipasto,1
Boards,1
Charcuterie,1
Samosas,1
Macarons,1
Ter,1
Dreams,1
Waitresses,1
Cuvee,1
Aubuisieres,1
Des,1
Avocat,1
Thon,1
Grabbed,1
Croquette,1
Countess,1
Stacks,1
Patties,1
Visually,1
Overbearingness,1
Sole,1
Irony,1
Hideaway,1
Routine,1
Magnificent,1
Lala,1
Brondeau,1
Grinning,1
Utensils,1
Snaking,1
Scout,1
Hesitation,1
Complimented,1
Guidance,1
Laura,1
Mitchell,1
Ducked,1
Headline,1
Vouvray,1
Silex,1
Resembling,1
Answers,1
Unsure,1
Dietaries,1
Laneway,1
Workshop,1
Monthly,1
Sprite,1
Gyutan,1
Radisson,1
Numbers,1
Aud,1
Scenery,1
Handling,1
Abrupt,1
Angle,1
Tortiglioni,1
Pastas,1
Admit,1
Mural,1
Insanely,1
Unusual,1
Minamalistic,1
Babsangs,1
Kfc,1
Desk,1
Avoided,1
Target,1
Modify,1
Flexible,1
Tokyo,1
Teau,1
Proportions,1
Dallors,1
Consisted,1
Espectacular,1
Beaggles,1
Turism,1
Spain,1
Flexibility,1
Dead,1
Cancel,1
Nearly,1
Crumbly,1
Bartenders,1
Skilled,1
Truffles,1
Funghi,1
Route,1
Deliberately,1
Crumbed,1
Panko,1
Bunch,1
Shouldn,1
Blown,1
Ultra,1
Preference,1
Lightning,1
Stocked,1
Chaps,1
Intolerance,1
Voucher,1
Organised,1
Frugal,1
Smash,1
Legit,1
Bibimbap,1
Carving,1
Meh,1
Crudo,1
Express,1
Eggy,1
Moisture,1
Pandoro,1
Flawless,1
Celebrate,1
Reality,1
Media,1
Cuz,1
Text,1
Hats,1
Thier,1
Fcken,1
Greets,1
Worker,1
Jajangmyeon,1
Scrumptious,1
Explosively,1
Comb,1
Draught,1
Carlton,1
Dollar,1
Pung,1
Khan,1
Oceans,1
Shrimps,1
Larger,1
Spiral,1
Assorted,1
Gil,1
Bugoy,1
Nut,1
Seoul,1
Ambitious,1
Rubbish,1
Tilt,1
Mok,1
Gol,1
Sokcho,1
Periods,1
Chestnut,1
Mackgeolli,1
Army,1
Transfer,1
Stomached,1
Stews,1
Toddler,1
Wipe,1
Chair,1
Tim,1
Luxurious,1
Island,1
Ultimate,1
Jokbal,1
Koreatown,1
Gloriously,1
Replacement,1
Unflavored,1
Deleting,1
Contacting,1
Hacked,1
Delete,1
Ability,1
Imagine,1
Byeeee,1
Divorced,1
Putting,1
Apparently,1
Direct,1
Barrister,1
Worded,1
Confirmed,1
Jjajangmyeon,1
Stew,1
Everest,1
Unlikely,1
Endlessly,1
Fools,1
Philips,1
Traveled,1
Fiery,1
Brioche,1
Cardboard,1
Buys,1
Brazilian,1
Uninterested,1
Apology,1
Hackers,1
Facebook,1
Posts,1
Caused,1
Prep,1
Preprepared,1
Link,1
Send,1
Excessive,1
Biscotti,1
Compliment,1
Hojicha,1
Milo,1
Kopi,1
Wages,1
Rent,1
Registered,1
Recognise,1
Reset,1
Unless,1
Chickens,1
Roo,1
Kangaroo,1
Thukpa,1
Momos,1
Vastly,1
Cards,1
Loyalty,1
Cluttered,1
Clears,1
Jump,1
Seperate,1
Wraps,1
Badly,1
Usage,1
Cashiers,1
Namely,1
Frying,1
Progress,1
Pretzel,1
Haul,1
Creation,1
Reynold,1
Overnight,1
Absorb,1
Dont,1
Purr,1
Grinders,1
Sits,1
Pulled,1
Shots,1
Kate,1
Optional,1
Rising,1
September,1
Unenjoyable,1
Mound,1
Inexpensive,1
Regrets,1
Shiopan,1
Looooove,1
Gyoza,1
Weee,1
Sapporo,1
Acknowledgement,1
Reward,1
Servers,1
Buzz,1
Brekkies,1
Hipster,1
Treated,1
Plant,1
Srilanka,1
Minded,1
Struggle,1
Rip,1
Disability,1
Sachet,1
Aforementioned,1
Acquaintances,1
Google,1
Fron,1
Thw,1
Wedge,1
Consume,1
Helens,1
Dozen,1
Snackable,1
Cereal,1
Ibis,1
Sandstone,1
Refitted,1
Melty,1
Popcorn,1
Fishmonger,1
George,1
Spotted,1
Coats,1
Crowds,1
Slab,1
Shes,1
Haired,1
Curly,1
Mascarpone,1
Swirl,1
Shaped,1
Salivating,1
Sore,1
Sight,1
Awe,1
Cheesy,1
Kebas,1
Hijab,1
Weary,1
Riesling,1
Suburbs,1
Hanaichi,1
Udon,1
Alike,1
Fashioned,1
Growing,1
Playlist,1
Hop,1
Arab,1
Posters,1
Wisely,1
Chosen,1
Doors,1
Furniture,1
Converted,1
Fill,1
Introduced,1
Woolies,1
Izu,1
Nowhere,1
Important,1
Careless,1
Refilled,1
Entry,1
Attracting,1
Whimsical,1
Hashbrowns,1
Assortments,1
Yoghurts,1
Selections,1
Fewer,1
Bakes,1
Ranging,1
Soda,1
Student,1
Hunter,1
Bargain,1
Jalape,1
Sprinkled,1
Busiest,1
Viva,1
Origin,1
Trinity,1
Holy,1
Boisterous,1
Beat,1
Meant,1
Irregularly,1
Izakaya,1
Rocher,1
Glasses,1
Martini,1
Layers,1
Spoke,1
Arch,1
Mainstay,1
Carry,1
Input,1
Amex,1
Satiated,1
Plentiful,1
Anf,1
Limit,1
Pecking,1
Vermouths,1
Wrappers,1
Xiaolongbao,1
Gow,1
Har,1
Hahaa,1
Tempted,1
Lean,1
Abundance,1
Lonsdale,1
Bqq,1
Ohgam,1
Clearing,1
Assist,1
Relegated,1
Policy,1
Fiance,1
Linderderry,1
Lancemore,1
Duty,1
Varies,1
Lodging,1
Parmi,1
Components,1
Speciality,1
Snappy,1
Keto,1
Daisy,1
Sweeping,1
Nightclub,1
Hardwood,1
Fronted,1
Neatly,1
Test,1
Melbournebakery,1
Melbournedesserts,1
Melbbakery,1
Melbbread,1
Melbournefoodie,1
Invite,1
Madeline,1
Creaming,1
Spaced,1
Racist,1
Witnessed,1
Imported,1
Sensational,1
Accomodation,1
Happier,1
Impeccably,1
Pruning,1
Mowing,1
Preparing,1
Gardener,1
Maintenance,1
Reflection,1
Cherished,1
Feet,1
Kinda,1
Coordinator,1
Stress,1
Regarded,1
Sheets,1
Visuals,1
Accommodated,1
Million,1
Responded,1
Singapore,1
Pipis,1
Clam,1
Thousand,1
Quarters,1
Key,1
Summarise,1
Estate,1
Lancemores,1
Married,1
Spoilt,1
Breathtaking,1
Grounds,1
Claimed,1
Wilted,1
Knees,1
Bees,1
Bridal,1
Sees,1
Youngest,1
Wherever,1
Moderate,1
Hibiscus,1
Battered,1
Proportion,1
Arts,1
Pedestrians,1
Question,1
Query,1
Everage,1
Gentle,1
Elegand,1
History,1
Princess,1
Expectedly,1
Boat,1
Bangkok,1
Paramount,1
Forever,1
Wonderfully,1
Indifferently,1
Essentially,1
Coleslaw,1
Replace,1
Condition,1
Pause,1
Cured,1
Beams,1
Mezcal,1
Ngv,1
Waterfall,1
Parked,1
Recipe,1
Heartbeat,1
Camp,1
Collingwood,1
Artwork,1
Doled,1
Noisy,1
Federico,1
Actor,1
Federici,1
Lines,1
Spilled,1
Chickpeas,1
Chole,1
Saag,1
Sarson,1
Hahaha,1
Suspect,1
Shallots,1
Grated,1
Sprinkling,1
Iceberg,1
Dhaba,1
Bhawan,1
Feat,1
Chunks,1
Beforehand,1
Appointment,1
Gillott,1
Cheek,1
Tocino,1
Presentable,1
Searching,1
Childhood,1
Tornado,1
Jollof,1
Paul,1
Edwins,1
Kafenion,1
Astounded,1
Bront,1
Wok,1
Kora,1
Western,1
Cam,1
Nonsense,1
Wanna,1
Pictures,1
Wibe,1
Punjabi,1
Manchurian,1
Shank,1
Massaman,1
Exquisitely,1
Loligo,1
Theatres,1
Pecans,1
Drives,1
Parking,1
Tablets,1
Laptops,1
Writing,1
Yearsinjapan,1
Tips,1
Contributing,1
Praised,1
Endless,1
Economy,1
Lager,1
Grenache,1
Showcases,1
Reduce,1
Toogoodtogo,1
Moist,1
Finest,1
Drewery,1
Filter,1
Trips,1
Baker,1
Andrew,1
Sulbing,1
Trick,1
Reused,1
Mega,1
Pomelo,1
Savour,1
District,1
Clay,1
Porterhouse,1
Qvb,1
Video,1
Bugs,1
Rainy,1
Overlooked,1
Ringwood,1
Campechano,1
Lacks,1
Birria,1
Qvm,1
Icing,1
Individual,1
Correspond,1
Furthermore,1
Packages,1
Reheated,1
Assertive,1
Dogs,1
Tbh,1
Adventurous,1
Expertly,1
Delectable,1
Features,1
Swinging,1
Picking,1
Mistaken,1
Tourists,1
Unsuspecting,1
Conclusion,1
Tasteless,1
Injera,1
Introduction,1
Overloaded,1
Suggesting,1
Appealing,1
Oyster,1
Saltwater,1
Lasting,1
Moreton,1
Occur,1
Duke,1
Ridiculous,1
Dude,1
Noting,1
Fattier,1
Toward,1
Garbage,1
Existent,1
Tempranillo,1
Peppers,1
Piquillo,1
Granita,1
Saffron,1
Mariscos,1
Eaters,1
Fave,1
Coconutty,1
Soooo,1
Rendang,1
Saturdays,1
Customise,1
Preparation,1
Courteous,1
Gross,1
Compromising,1
Budgets,1
Indulgently,1
Skill,1
Requires,1
Omelet,1
Example,1
Dust,1
Rocket,1
Emulsified,1
Precision,1
Touches,1
Combines,1
Evaluating,1
Critical,1
Chatted,1
November,1
Recook,1
Accurate,1
Professionals,1
Fellow,1
Forced,1
Specifically,1
Breaks,1
Hint,1
Flakiness,1
Beside,1
Rye,1
Likely,1
Applied,1
Techniques,1
Respected,1
Cruffins,1
Scrolls,1
Earlier,1
Faced,1
Greens,1
Loaf,1
Cob,1
Sourdoughs,1
Musics,1
Havent,1
Fulfilling,1
Hotdogs,1
Burek,1
Auntie,1
Pull,1
Pandemic,1
Effect,1
Numbing,1
Damn,1
Glory,1
Christ,1
Church,1
Rapidly,1
Juggling,1
Communicating,1
Barista,1
Kenangan,1
Mie,1
Bebek,1
Sambal,1
Niche,1
Bratwurst,1
Generously,1
Specialised,1
Hype,1
Viscous,1
Chocolaty,1
Geondong,1
Cotoletta,1
Holidays,1
Butteriness,1
Lune,1
Kakiage,1
Yolk,1
Boil,1
Calorie,1
Tempuras,1
Spaces,1
Mussel,1
Campus,1
Secluded,1
Pared,1
Minus,1
Hospitable,1
Partial,1
Hubby,1
Gather,1
Taxi,1
Fomo,1
Mulled,1
Praises,1
Sing,1
Brie,1
Digging,1
Apologising,1
Tast,1
Zone,1
Gives,1
Chance,1
Reconfirm,1
Attempted,1
Misunderstood,1
Hazelnut,1
Stated,1
Repeatedly,1
Strips,1
Stewed,1
Nanas,1
Improves,1
Wrapper,1
Jalapenoes,1
Eatible,1
Ailoi,1
Withdrawn,1
Below,1
Dissopointing,1
Taiyo,1
Ijo,1
Cabe,1
Settle,1
Compromises,1
Suppose,1
Gyozas,1
Girlfriends,1
Dishies,1
Canned,1
Admits,1
Mustard,1
Zealous,1
Network,1
Freshed,1
Edit,1
Reply,1
Texted,1
Rushing,1
Attracted,1
January,1
Written,1
Scheduled,1
Log,1
Unkept,1
Rated,1
Sewage,1
Silent,1
Urgh,1
Sighing,1
Eater,1
Fussy,1
Gradually,1
Adjusted,1
Changed,1
Passed,1
Guide,1
Mattered,1
Padding,1
Illusion,1
Hopefully,1
Ruined,1
Punch,1
Tears,1
Gurl,1
Bye,1
Lured,1
Bloggers,1
Oozed,1
Result,1
Hollow,1
Almonds,1
Explains,1
Seeps,1
Everywhere,1
Beg,1
Kicked,1
Rats,1
Everyday,1
Evenly,1
Defs,1
Satisfactory,1
Adjustment,1
Modification,1
Speaker,1
Previous,1
Richly,1
Cheer,1
Nicest,1
Bennys,1
Avo,1
Smashed,1
Kottu,1
Unseasoned,1
Refill,1
Jug,1
Inconvenient,1
Boring,1
Undetectable,1
Ubereats,1
Cons,1
Tortilla,1
Pro,1
Literary,1
Slaw,1
Supporting,1
Unfulfilling,1
Everytime,1
Insane,1
Kahuna,1
Cos,1
Masters,1
Innovative,1
Dozens,1
Comment,1
Complaint,1
Deliciously,1
Hollandaise,1
Breakky,1
Rocked,1
Mellow,1
Gastronomic,1
Punchy,1
Gyg,1
Inject,1
Amp,1
Parm,1
Advised,1
Vegans,1
Kimbap,1
Absurd,1
Glamping,1
Stirfry,1
Claypot,1
Advise,1
Reel,1
Fresco,1
Camping,1
Adorable,1
Siracha,1
Fly,1
Misunderstanding,1
Dal,1
Importantly,1
Prevention,1
Privilege,1
Wasabi,1
Oozes,1
Liquid,1
Runny,1
Led,1
Additionally,1
Countertop,1
Hongdae,1
Apathetic,1
Tobokki,1
Daechang,1
Gopchang,1
Till,1
Walking,1
Apricot,1
Sessions,1
Tissue,1
Treating,1
Annoyed,1
Coolest,1
Describing,1
Greet,1
Bartender,1
Crusted,1
Herb,1
Gripe,1
Loin,1
Shamelessly,1
Hanmari,1
Emailed,1
Processed,1
Cancer,1
Aids,1
Omega,1
Contains,1
Properties,1
Inflammatory,1
Perilla,1
Crispies,1
Labelled,1
Intestine,1
Hearts,1
Tripe,1
Closed,1
Amazonia,1
Tongue,1
Yakiniku,1
Sister,1
Artisan,1
Specializing,1
Sampling,1
Sandos,1
Roaster,1
Wondered,1
Horumon,1
Bothering,1
Peace,1
Mat,1
Chuhai,1
Marinade,1
Softest,1
Guihua,1
Sensitive,1
Throat,1
Throw,1
Addict,1
Watered,1
Apologise,1
Ignored,1
Skinny,1
Apologize,1
Wasted,1
Annoying,1
Label,1
Thiiiiiick,1
Unmistakable,1
Shockingly,1
Matters,1
Data,1
Downloads,1
Harvest,1
Scam,1
Mannered,1
Fuji,1
Lowest,1
Kong,1
Hong,1
Exciting,1
Helly,1
Frustrating,1
Response,1
Nook,1
Edition,1
Costumer,1
Stingy,1
Furnishings,1
Arriving,1
Wechat,1
Supreme,1
Triple,1
Straw,1
Crushinglimits,1
Evident,1
Learn,1
Nutrient,1
Aesthetics,1
Additions,1
Blew,1
Agathe,1
Roastery,1
Ona,1
Entrees,1
Winning,1
Gifting,1
Activity,1
Character,1
Painting,1
Simplicity,1
Subjective,1
Interestingly,1
Hassle,1
Promote,1
Advertising,1
Blatantly,1
Creations,1
Fragrance,1
Feedback,1
Honeydew,1
Heytea,1
Ride,1
Previously,1
Blackboard,1
Boom,1
Balancing,1
Caramelized,1
Flower,1
Steer,1
Eligible,1
Signing,1
Downloading,1
Calmly,1
Receiving,1
Realised,1
Kiosk,1
Frangipani,1
Obsessed,1
Layering,1
Appalling,1
Upfront,1
Adventurers,1
Crystal,1
Healthier,1
Concepts,1
Departure,1
Counts,1
Primarily,1
Oski,1
Worldofnom,1
Drama,1
Holder,1
Nonetheless,1
Technically,1
Amie,1
Fatty,1
Tranquil,1
Promoting,1
Eagerly,1
Varieties,1
Bobba,1
Released,1
Condescending,1
Snapped,1
Coloured,1
Jumbo,1
Litre,1
Valued,1
Friendliness,1
Interacted,1
Tote,1
Mixes,1
Powdered,1
Variation,1
Differing,1
Pump,1
Overs,1
Skippy,1
Dorayaki,1
Skimping,1
Warning,1
Dairy,1
Canel,1
Overrated,1
Goodies,1
Toasties,1
Dear,1
Sourly,1
Guava,1
Lobby,1
Prints,1
Nature,1
Ordinary,1
Taninglemontea,1
Floral,1
Planet,1
Flaw,1
Jen,1
Communicate,1
Satisfaction,1
Enthusiasm,1
Knowledge,1
Engage,1
Chunky,1
Yep,1
Shown,1
Tendered,1
Pics,1
Insta,1
Chinatown,1
Glow,1
Zingy,1
Ahahaaa,1
Angels,1
Sonny,1
Bestsellers,1
Aim,1
Plans,1
Booked,1
Puts,1
Wise,1
Headache,1
Finishing,1
Vomit,1
Mouse,1
Nevertheless,1
Spillage,1
Seal,1
Contrast,1
Pattern,1
Swirling,1
Arrogantly,1
Invoices,1
Tax,1
Responsibility,1
Tossed,1
Monitor,1
Distinct,1
Thirst,1
Quenches,1
Tailor,1
Cleansing,1
Palate,1
Gardenia,1
Crush,1
Inquiring,1
Manning,1
Massively,1
Invigorating,1
Zesty,1
Trobe,1
Noticing,1
Fact,1
Mark,1
Europe,1
Resulting,1
Tang,1
Continue,1
Bodied,1
Mouthfeel,1
Soothing,1
Dials,1
Joints,1
Colorful,1
Dusting,1
Pinch,1
Posted,1
Mouthful,1
Savoring,1
Heaven,1
Underlying,1
Dimension,1
Inquired,1
Franchises,1
Sugary,1
Overzealous,1
Keeping,1
Letting,1
Fit,1
Role,1
Perhaps,1
Current,1
Believes,1
Growth,1
Mollyfun,1
Percent,1
Displayed,1
Careful,1
Pls,1
Rose,1
Earned,1
Facial,1
Deciding,1
Purchased,1
Probable,1
Closeby,1
Ruban,1
Cronut,1
Mum,1
Leek,1
Violinist,1
Woody,1
Coco,1
Confess,1
Tear,1
Dull,1
Crushes,1
Harm,1
Discontinued,1
Bake,1
Array,1
Swipe,1
Heaped,1
Glue,1
Affected,1
Represent,1
Pressure,1
Entered,1
Whisper,1
Amber,1
Original,1
Lately,1
Lukewarm,1
Hotter,1
Escalator,1
Kale,1
Joy,1
Icake,1
Sick,1
Sultanas,1
Slathered,1
Lattes,1
Selecting,1
Jour,1
Sucre,1
Prefers,1
Reputation,1
Fragrances,1
Carries,1
Lupicia,1
Glued,1
Individually,1
Ought,1
Yeahllow,1
Revitalising,1
Expansive,1
Broad,1
Influenced,1
Complements,1
Browse,1
Lolly,1
Milder,1
Moss,1
Ripe,1
Considered,1
Melon,1
Wild,1
Snowy,1
Identity,1
Reinforces,1
Enhances,1
Purity,1
Lingering,1
Third,1
Branding,1
Teacups,1
Stellar,1
Tin,1
Held,1
Gifted,1
Alley,1
Reinforced,1
Dance,1
Collide,1
Unlocked,1
Therapy,1
Ball,1
Grew,1
Surrounded,1
Sofa,1
Kyoto,1
Soya,1
Authentically,1
Earthy,1
Azuki,1
Unbeatable,1
Remains,1
Nana,1
Purchasing,1
Jamine,1
Obscure,1
Needle,1
Silver,1
Jasmin,1
Magical,1
Playful,1
Icy,1
Unapologetically,1
Calming,1
Steeped,1
Sipping,1
Ube,1
Hug,1
Slushies,1
Patiently,1
Teaware,1
Interaction,1
Certain,1
Freely,1
Salespeople,1
Pressured,1
Jars,1
Detailed,1
Simpler,1
Browsing,1
Greeting,1
Manicured,1
Hair,1
Dyed,1
Noon,1
Loyal,1
Promo,1
Romance,1
Cutest,1
Discovery,1
Enjoyment,1
Remarkable,1
Masterpiece,1
Talent,1
Essentials,1
Pit,1
Discount,1
Program,1
Membership,1
Join,1
Designs,1
Revolting,1
Diluted,1
Istg,1
Diabetes,1
Cheating,1
Gong,1
Mindful,1
Nowadays,1
Teens,1
Questions,1
Sooooo,1
Mushy,1
Realized,1
Gotcha,1
Additives,1
Fyi,1
Raucous,1
Mixing,1
Retro,1
Propaganda,1
Communist,1
Stella,1
Praline,1
Guessing,1
Approachable,1
Sorted,1
Orchid,1
Longjing,1
Osmanthus,1
Ranking,1
Sea,1
Planter,1
Coated,1
Hawthorn,1
Chimney,1
Smth,1
Opulent,1
Carriage,1
Whiskies,1
Absinthe,1
Sacrificing,1
Retractable,1
Downstairs,1
Crimson,1
Tiki,1
Haunt,1
Spirits,1
Lineup,1
